Date ,Day,Month,Quarter,Year,series ,OPEN ,HIGH ,LOW ,PREV. CLOSE ,ltp ,close ,vwap ,52W H ,52W L ,VOLUME ,No of trades 
24-Sep-24,Tuesday,September,Q3,2024,EQ,532.20,541.90,529.35,534.90,539.00,539.55,536.29,579.90,375.05,6177847.00,92764.00
23-Sep-24,Monday,September,Q3,2024,EQ,539.10,540.40,532.00,539.10,533.00,534.90,534.82,579.90,375.05,4272145.00,73277.00
20-Sep-24,Friday,September,Q3,2024,EQ,537.90,540.75,531.00,533.35,538.20,539.10,536.02,579.90,375.05,8332116.00,83666.00
19-Sep-24,Thursday,September,Q3,2024,EQ,544.20,551.45,529.15,538.15,535.00,533.35,536.90,579.90,375.05,10484591.00,135094.00
18-Sep-24,Wednesday,September,Q3,2024,EQ,549.05,549.05,532.65,551.90,537.70,538.15,537.77,579.90,375.05,8332760.00,138689.00
17-Sep-24,Tuesday,September,Q3,2024,EQ,549.00,554.90,547.05,551.90,550.60,551.90,551.65,579.90,375.05,4364119.00,83124.00
16-Sep-24,Monday,September,Q3,2024,EQ,553.00,556.85,549.00,550.60,551.05,551.90,553.19,579.90,375.05,5544289.00,110124.00
13-Sep-24,Friday,September,Q3,2024,EQ,533.80,552.50,530.85,530.05,550.10,550.60,546.68,579.90,375.05,17959853.00,212317.00
12-Sep-24,Thursday,September,Q3,2024,EQ,520.45,532.00,517.75,514.35,528.50,530.05,525.53,579.90,375.05,7889737.00,167465.00
11-Sep-24,Wednesday,September,Q3,2024,EQ,525.00,526.25,513.25,525.75,516.00,514.35,518.96,579.90,375.05,4130762.00,74007.00
10-Sep-24,Tuesday,September,Q3,2024,EQ,516.80,528.00,514.00,514.85,525.25,525.75,521.93,579.90,375.05,5143636.00,81752.00
09-Sep-24,Monday,September,Q3,2024,EQ,517.10,521.75,513.45,520.60,516.50,514.85,517.43,579.90,375.05,5959770.00,61816.00
06-Sep-24,Friday,September,Q3,2024,EQ,524.85,529.90,518.45,524.85,521.50,520.60,522.96,579.90,375.05,7289977.00,87136.00
05-Sep-24,Thursday,September,Q3,2024,EQ,521.20,526.00,519.50,519.15,525.15,524.85,523.09,579.90,375.05,6034559.00,69496.00
04-Sep-24,Wednesday,September,Q3,2024,EQ,528.00,528.25,516.75,536.05,519.65,519.15,520.25,579.90,375.05,10201064.00,120722.00
03-Sep-24,Tuesday,September,Q3,2024,EQ,533.00,540.85,529.50,532.45,535.00,536.05,536.58,579.90,375.05,7528343.00,107595.00
02-Sep-24,Monday,September,Q3,2024,EQ,538.40,542.00,531.85,538.40,532.50,532.45,534.85,579.90,375.05,7867991.00,89740.00
30-Aug-24,Friday,August,Q3,2024,EQ,541.70,542.00,535.70,538.70,539.05,538.40,538.50,579.90,375.05,9717402.00,95523.00
29-Aug-24,Thursday,August,Q3,2024,EQ,535.00,541.95,534.05,534.60,538.80,538.70,537.86,579.90,375.05,12842659.00,191366.00
28-Aug-24,Wednesday,August,Q3,2024,EQ,520.00,538.10,517.85,517.15,536.35,534.60,532.56,579.90,375.05,17187783.00,202576.00
27-Aug-24,Tuesday,August,Q3,2024,EQ,520.00,523.25,516.00,520.00,517.20,517.15,518.47,579.90,375.05,3982898.00,58350.00
26-Aug-24,Monday,August,Q3,2024,EQ,516.00,524.80,515.95,512.40,520.50,520.00,521.85,579.90,375.05,8675690.00,108967.00
23-Aug-24,Friday,August,Q3,2024,EQ,519.90,521.45,511.35,519.00,513.00,512.40,514.17,579.90,375.05,5638853.00,71998.00
22-Aug-24,Thursday,August,Q3,2024,EQ,527.80,530.55,518.05,526.35,519.15,519.00,523.97,579.90,375.05,5748253.00,85781.00
21-Aug-24,Wednesday,August,Q3,2024,EQ,523.40,528.10,521.05,524.65,528.00,526.35,524.66,579.90,375.05,3227201.00,62328.00
20-Aug-24,Tuesday,August,Q3,2024,EQ,519.90,527.60,519.65,519.75,524.50,524.65,524.52,579.90,375.05,4771906.00,72550.00
19-Aug-24,Monday,August,Q3,2024,EQ,516.00,523.20,513.70,516.25,520.00,519.75,519.73,579.90,375.05,5733281.00,79050.00
16-Aug-24,Friday,August,Q3,2024,EQ,501.00,517.45,497.95,495.15,516.10,516.25,510.99,579.90,375.05,12965570.00,147094.00
14-Aug-24,Wednesday,August,Q3,2024,EQ,493.00,496.85,490.45,490.50,495.70,495.15,493.14,579.90,375.05,5560878.00,81615.00
13-Aug-24,Tuesday,August,Q3,2024,EQ,489.05,492.70,487.15,489.05,490.40,490.50,490.35,579.90,375.05,3144709.00,55702.00
12-Aug-24,Monday,August,Q3,2024,EQ,491.55,494.00,487.40,491.30,489.50,489.05,490.30,579.90,375.05,3669234.00,53159.00
09-Aug-24,Friday,August,Q3,2024,EQ,495.35,496.45,489.65,487.30,492.00,491.30,492.02,579.90,375.05,3032974.00,58877.00
08-Aug-24,Thursday,August,Q3,2024,EQ,494.00,494.00,486.35,497.40,488.05,487.30,489.34,579.90,375.05,6580285.00,118284.00
07-Aug-24,Wednesday,August,Q3,2024,EQ,498.70,500.10,492.65,489.50,498.10,497.40,496.66,579.90,375.05,3539913.00,73879.00
06-Aug-24,Tuesday,August,Q3,2024,EQ,489.75,499.35,486.60,485.00,490.00,489.50,493.38,579.90,375.05,5635792.00,103575.00
05-Aug-24,Monday,August,Q3,2024,EQ,490.00,495.85,480.25,502.15,485.40,485.00,486.81,579.90,375.05,10969040.00,209255.00
02-Aug-24,Friday,August,Q3,2024,EQ,515.00,519.25,501.00,521.55,502.00,502.15,508.74,579.90,375.05,7826114.00,182307.00
01-Aug-24,Thursday,August,Q3,2024,EQ,523.00,526.80,517.50,522.00,521.30,521.55,522.20,579.90,375.05,5379876.00,81748.00
31-Jul-24,Wednesday,July,Q3,2024,EQ,521.80,524.90,519.45,521.50,521.00,522.00,522.01,579.90,375.05,3879254.00,78311.00
30-Jul-24,Tuesday,July,Q3,2024,EQ,524.40,526.95,519.75,524.40,521.70,521.50,522.32,579.90,375.05,5408263.00,69751.00
29-Jul-24,Monday,July,Q3,2024,EQ,528.00,530.55,522.85,524.80,524.35,524.40,525.97,579.90,375.05,6005777.00,85064.00
26-Jul-24,Friday,July,Q3,2024,EQ,510.00,528.55,508.50,506.85,524.50,524.80,520.77,579.90,375.05,13076998.00,176213.00
25-Jul-24,Thursday,July,Q3,2024,EQ,496.00,507.50,493.30,500.10,507.50,506.85,502.96,579.90,375.05,10943945.00,161155.00
24-Jul-24,Wednesday,July,Q3,2024,EQ,502.50,506.35,499.85,500.55,500.50,500.10,502.64,579.90,375.05,6120138.00,105843.00
23-Jul-24,Tuesday,July,Q3,2024,EQ,508.00,508.00,486.35,505.80,500.60,500.55,499.94,579.90,375.05,12923816.00,224589.00
22-Jul-24,Monday,July,Q3,2024,EQ,521.00,526.75,501.55,557.20,505.35,505.80,510.51,579.90,375.05,38007284.00,486533.00
19-Jul-24,Friday,July,Q3,2024,EQ,579.90,579.90,554.70,573.20,557.00,557.20,564.95,579.90,375.05,13261745.00,173832.00
18-Jul-24,Thursday,July,Q3,2024,EQ,556.55,574.40,556.35,559.70,573.20,573.20,567.26,574.40,375.05,12509893.00,250266.00
16-Jul-24,Tuesday,July,Q3,2024,EQ,561.85,562.60,556.40,559.70,559.50,559.70,559.14,566.90,375.05,5619531.00,138520.00
15-Jul-24,Monday,July,Q3,2024,EQ,566.90,566.90,556.15,560.15,561.00,559.70,560.79,566.90,375.05,8049739.00,137790.00
12-Jul-24,Friday,July,Q3,2024,EQ,545.00,564.80,541.55,534.10,559.00,560.15,555.57,564.80,375.05,27093021.00,298553.00
11-Jul-24,Thursday,July,Q3,2024,EQ,536.70,539.55,530.00,535.55,535.90,534.10,533.65,548.80,375.05,4403809.00,100387.00
10-Jul-24,Wednesday,July,Q3,2024,EQ,541.00,543.35,531.75,541.00,534.50,535.55,536.48,548.80,375.05,4616874.00,74450.00
09-Jul-24,Tuesday,July,Q3,2024,EQ,544.00,544.95,537.60,541.20,541.00,541.00,540.76,548.80,375.05,4340722.00,74512.00
08-Jul-24,Monday,July,Q3,2024,EQ,535.95,543.00,535.00,535.10,542.20,541.20,540.02,548.80,375.05,6088180.00,121678.00
05-Jul-24,Friday,July,Q3,2024,EQ,531.35,536.50,529.45,530.70,534.90,535.10,533.34,548.80,375.05,5188045.00,104240.00
04-Jul-24,Thursday,July,Q3,2024,EQ,541.40,548.80,529.10,539.00,532.25,530.70,537.46,548.80,375.05,9762316.00,127355.00
03-Jul-24,Wednesday,July,Q3,2024,EQ,541.90,545.45,535.50,538.20,539.20,539.00,540.19,545.90,375.05,8024692.00,112117.00
02-Jul-24,Tuesday,July,Q3,2024,EQ,529.30,545.00,528.30,527.35,538.35,538.20,538.33,545.90,375.05,18138484.00,231000.00
01-Jul-24,Monday,July,Q3,2024,EQ,517.90,535.80,514.10,514.85,527.20,527.35,528.84,545.90,375.05,15378764.00,257497.00
28-Jun-24,Friday,June,Q2,2024,EQ,512.00,516.30,505.85,510.80,513.80,514.85,512.44,545.90,375.05,8202916.00,117062.00
27-Jun-24,Thursday,June,Q2,2024,EQ,492.15,511.95,489.20,495.20,510.50,510.80,505.59,545.90,375.05,21068569.00,225180.00
26-Jun-24,Wednesday,June,Q2,2024,EQ,496.85,499.90,493.80,496.85,494.50,495.20,495.95,545.90,375.05,6406045.00,113867.00
25-Jun-24,Tuesday,June,Q2,2024,EQ,490.55,498.00,489.30,490.55,497.00,496.85,493.94,545.90,375.05,4629105.00,79008.00
24-Jun-24,Monday,June,Q2,2024,EQ,490.10,494.90,489.45,490.55,490.80,490.55,491.78,545.90,375.05,4967259.00,73973.00
21-Jun-24,Friday,June,Q2,2024,EQ,497.95,500.95,489.10,490.40,491.60,490.55,491.89,545.90,375.05,47585588.00,203465.00
20-Jun-24,Thursday,June,Q2,2024,EQ,497.50,497.50,488.25,495.75,491.00,490.40,491.98,545.90,375.05,6285563.00,108929.00
19-Jun-24,Wednesday,June,Q2,2024,EQ,492.25,497.15,486.75,491.85,495.25,495.75,492.61,545.90,375.05,10440142.00,123262.00
18-Jun-24,Tuesday,June,Q2,2024,EQ,481.00,493.00,480.05,477.50,491.55,491.85,490.22,545.90,375.05,15935492.00,242174.00
14-Jun-24,Friday,June,Q2,2024,EQ,485.00,485.60,476.20,482.60,477.15,477.50,478.63,545.90,375.05,5661298.00,134137.00
13-Jun-24,Thursday,June,Q2,2024,EQ,480.00,485.35,478.15,476.90,482.00,482.60,482.91,545.90,375.05,6497966.00,110667.00
12-Jun-24,Wednesday,June,Q2,2024,EQ,478.00,484.40,475.55,476.05,477.00,476.90,479.94,545.90,375.05,6937558.00,145168.00
11-Jun-24,Tuesday,June,Q2,2024,EQ,479.20,479.20,474.35,475.25,475.55,476.05,476.76,545.90,375.05,4685857.00,67351.00
10-Jun-24,Monday,June,Q2,2024,EQ,488.40,488.40,473.35,484.55,475.45,475.25,477.61,545.90,375.05,9155876.00,128553.00
07-Jun-24,Friday,June,Q2,2024,EQ,470.00,486.40,468.30,461.00,484.00,484.55,482.16,545.90,375.05,36336220.00,373790.00
06-Jun-24,Thursday,June,Q2,2024,EQ,454.95,462.00,452.60,451.50,461.60,461.00,458.20,545.90,375.05,7712784.00,150107.00
05-Jun-24,Wednesday,June,Q2,2024,EQ,439.70,455.00,439.05,438.15,451.50,451.50,449.65,545.90,375.05,6133714.00,123575.00
04-Jun-24,Tuesday,June,Q2,2024,EQ,445.90,445.90,417.00,444.10,439.70,438.15,436.08,545.90,375.05,8865366.00,167269.00
03-Jun-24,Monday,June,Q2,2024,EQ,450.20,450.55,441.55,438.20,444.50,444.10,444.23,545.90,375.05,4482212.00,88057.00
31-May-24,Friday,May,Q2,2024,EQ,437.55,442.15,435.50,436.95,439.00,438.20,438.75,545.90,375.05,10719002.00,163674.00
30-May-24,Thursday,May,Q2,2024,EQ,449.00,449.50,435.10,450.80,438.20,436.95,440.23,545.90,375.05,10362284.00,195003.00
29-May-24,Wednesday,May,Q2,2024,EQ,454.00,455.50,449.50,456.05,450.00,450.80,451.95,545.90,375.05,4878018.00,73341.00
28-May-24,Tuesday,May,Q2,2024,EQ,454.00,457.25,453.10,452.45,455.00,456.05,455.59,545.90,375.05,7889063.00,52387.00
27-May-24,Monday,May,Q2,2024,EQ,462.00,462.15,451.60,463.65,453.60,452.45,454.36,545.90,375.05,20491879.00,291324.00
24-May-24,Friday,May,Q2,2024,EQ,467.00,470.50,462.00,465.80,462.15,463.65,466.89,545.90,375.05,4102763.00,69778.00
23-May-24,Thursday,May,Q2,2024,EQ,462.50,468.00,461.75,461.30,465.85,465.80,465.85,545.90,375.05,6585666.00,109706.00
22-May-24,Wednesday,May,Q2,2024,EQ,462.90,463.45,458.85,460.90,461.35,461.30,460.99,545.90,375.05,3882942.00,75978.00
21-May-24,Tuesday,May,Q2,2024,EQ,463.00,464.80,459.70,462.55,460.60,460.90,461.91,545.90,375.05,4233724.00,91428.00
18-May-24,Saturday,May,Q2,2024,EQ,460.70,463.15,459.15,461.00,462.80,462.55,462.14,545.90,375.05,439806.00,9611.00
17-May-24,Friday,May,Q2,2024,EQ,464.40,464.40,460.05,464.45,461.15,461.00,461.45,545.90,375.05,3438410.00,69648.00
16-May-24,Thursday,May,Q2,2024,EQ,462.00,467.50,456.10,458.30,464.00,464.45,462.22,545.90,375.05,7310736.00,199329.00
15-May-24,Wednesday,May,Q2,2024,EQ,456.35,459.75,454.65,456.35,458.50,458.30,457.55,545.90,375.05,2396712.00,51332.00
14-May-24,Tuesday,May,Q2,2024,EQ,452.70,459.90,452.20,451.95,457.00,456.35,456.06,545.90,375.05,2454710.00,50943.00
13-May-24,Monday,May,Q2,2024,EQ,451.85,453.25,445.00,451.85,452.70,451.95,449.32,545.90,375.05,3555804.00,70590.00
10-May-24,Friday,May,Q2,2024,EQ,456.05,457.50,450.30,455.90,451.75,451.85,453.02,545.90,375.05,3327357.00,87956.00
09-May-24,Thursday,May,Q2,2024,EQ,461.75,464.40,454.05,463.20,454.95,455.90,459.15,545.90,375.05,4616742.00,105541.00
08-May-24,Wednesday,May,Q2,2024,EQ,465.00,466.40,461.30,463.90,462.55,463.20,463.75,545.90,375.05,4102840.00,71059.00
07-May-24,Tuesday,May,Q2,2024,EQ,461.80,465.35,454.00,458.65,464.65,463.90,460.84,545.90,375.05,4639264.00,88701.00
06-May-24,Monday,May,Q2,2024,EQ,458.80,462.60,456.00,457.35,458.60,458.65,459.91,545.90,375.05,3459063.00,63782.00
03-May-24,Friday,May,Q2,2024,EQ,460.40,462.00,453.20,457.40,455.95,457.35,457.47,545.90,375.05,4865313.00,108000.00
02-May-24,Thursday,May,Q2,2024,EQ,462.40,463.00,455.45,462.40,457.80,457.40,457.79,545.90,375.05,7468638.00,170531.00
30-Apr-24,Tuesday,April,Q2,2024,EQ,463.00,466.75,461.50,462.95,462.40,462.40,463.91,545.90,375.05,4451478.00,72568.00
29-Apr-24,Monday,April,Q2,2024,EQ,467.65,468.00,461.60,464.60,463.30,462.95,463.59,545.90,375.05,3624970.00,68000.00
26-Apr-24,Friday,April,Q2,2024,EQ,461.90,475.80,461.60,461.00,465.15,464.60,469.20,545.90,370.55,10739147.00,169644.00
25-Apr-24,Thursday,April,Q2,2024,EQ,458.90,462.55,455.80,459.90,461.65,461.00,460.46,545.90,370.55,5902545.00,111925.00
24-Apr-24,Wednesday,April,Q2,2024,EQ,463.90,464.65,458.60,462.10,460.95,459.90,461.58,545.90,370.55,2957584.00,58214.00
23-Apr-24,Tuesday,April,Q2,2024,EQ,466.80,466.80,460.20,462.00,461.50,462.10,463.14,545.90,370.55,5161356.00,72015.00
22-Apr-24,Monday,April,Q2,2024,EQ,452.75,466.15,450.00,452.75,461.95,462.00,461.45,545.90,370.55,9440870.00,118309.00
19-Apr-24,Friday,April,Q2,2024,EQ,440.00,453.90,437.00,444.35,452.10,452.75,446.76,545.90,352.00,10235053.00,151723.00
18-Apr-24,Thursday,April,Q2,2024,EQ,452.50,455.45,442.85,448.35,445.20,444.35,448.85,545.90,352.00,10993129.00,186058.00
16-Apr-24,Tuesday,April,Q2,2024,EQ,453.05,458.50,444.80,459.35,449.00,448.35,451.53,545.90,352.00,10719712.00,170099.00
15-Apr-24,Monday,April,Q2,2024,EQ,466.45,468.35,458.20,470.75,458.50,459.35,462.88,545.90,352.00,6088236.00,106295.00
12-Apr-24,Friday,April,Q2,2024,EQ,475.00,480.00,470.00,477.30,471.20,470.75,474.60,545.90,352.00,6585023.00,124860.00
10-Apr-24,Wednesday,April,Q2,2024,EQ,477.50,479.45,473.10,475.80,477.70,477.30,476.56,545.90,352.00,5385767.00,96262.00
09-Apr-24,Tuesday,April,Q2,2024,EQ,483.95,485.25,475.20,479.90,476.20,475.80,480.00,545.90,352.00,7900625.00,94664.00
08-Apr-24,Monday,April,Q2,2024,EQ,490.00,491.60,478.20,485.05,480.25,479.90,481.97,545.90,352.00,13320385.00,158947.00
05-Apr-24,Friday,April,Q2,2024,EQ,486.50,487.15,482.55,487.40,485.00,485.05,485.12,545.90,352.00,3207172.00,67428.00
04-Apr-24,Thursday,April,Q2,2024,EQ,485.80,491.95,479.60,483.20,489.00,487.40,486.02,545.90,352.00,8002023.00,133925.00
03-Apr-24,Wednesday,April,Q2,2024,EQ,480.00,487.70,475.95,481.20,483.75,483.20,483.26,545.90,352.00,6897258.00,89528.00
02-Apr-24,Tuesday,April,Q2,2024,EQ,481.95,482.70,479.60,484.95,481.65,481.20,480.97,545.90,352.00,3466327.00,60299.00
01-Apr-24,Monday,April,Q2,2024,EQ,483.70,486.40,481.55,480.10,485.10,484.95,484.07,545.90,352.00,3020504.00,54843.00
28-Mar-24,Thursday,March,Q1,2024,EQ,476.70,483.05,475.30,472.30,480.00,480.10,479.46,545.90,352.00,7727575.00,116396.00
27-Mar-24,Wednesday,March,Q1,2024,EQ,479.70,480.95,471.25,479.85,472.00,472.30,475.86,545.90,352.00,7160334.00,132362.00
26-Mar-24,Tuesday,March,Q1,2024,EQ,486.00,490.95,479.05,487.10,479.90,479.85,482.46,545.90,352.00,9136673.00,135593.00
22-Mar-24,Friday,March,Q1,2024,EQ,489.25,490.75,479.55,500.45,488.15,487.10,485.76,545.90,352.00,14323251.00,213879.00
21-Mar-24,Thursday,March,Q1,2024,EQ,499.65,505.30,498.45,493.50,501.00,500.45,501.64,545.90,352.00,5822290.00,125870.00
20-Mar-24,Wednesday,March,Q1,2024,EQ,496.05,501.25,489.20,494.85,494.10,493.50,494.36,545.90,352.00,4192672.00,93190.00
19-Mar-24,Tuesday,March,Q1,2024,EQ,509.00,509.00,493.15,510.20,494.05,494.85,500.12,545.90,352.00,4808693.00,100950.00
18-Mar-24,Monday,March,Q1,2024,EQ,518.00,518.55,509.00,517.00,510.00,510.20,512.48,545.90,352.00,3196980.00,74628.00
15-Mar-24,Friday,March,Q1,2024,EQ,514.75,518.25,506.40,517.95,515.05,517.00,514.17,545.90,352.00,6824543.00,120822.00
14-Mar-24,Thursday,March,Q1,2024,EQ,501.15,518.90,495.15,504.40,516.70,517.95,510.75,545.90,352.00,6412736.00,131382.00
13-Mar-24,Wednesday,March,Q1,2024,EQ,513.80,518.70,496.80,510.85,503.30,504.40,507.97,545.90,352.00,6790240.00,131621.00
12-Mar-24,Tuesday,March,Q1,2024,EQ,512.75,522.50,507.75,514.55,510.35,510.85,514.32,545.90,352.00,5826380.00,111713.00
11-Mar-24,Monday,March,Q1,2024,EQ,517.40,518.95,512.30,515.50,513.35,514.55,515.88,545.90,352.00,5565756.00,100543.00
07-Mar-24,Thursday,March,Q1,2024,EQ,513.75,520.40,510.50,513.15,514.40,515.50,515.79,545.90,352.00,4853991.00,90688.00
06-Mar-24,Wednesday,March,Q1,2024,EQ,513.70,514.85,500.00,513.30,513.70,513.15,507.30,545.90,352.00,5545961.00,106018.00
05-Mar-24,Tuesday,March,Q1,2024,EQ,517.75,520.50,510.65,520.50,512.95,513.30,514.68,545.90,352.00,5260774.00,102449.00
04-Mar-24,Monday,March,Q1,2024,EQ,522.95,526.40,518.55,522.85,520.45,520.50,522.04,545.90,352.00,2831185.00,70787.00
02-Mar-24,Saturday,March,Q1,2024,EQ,523.45,524.80,522.00,519.10,523.00,522.85,523.18,545.90,352.00,340134.00,8551.00
01-Mar-24,Friday,March,Q1,2024,EQ,522.40,525.20,517.55,518.60,519.25,519.10,519.93,545.90,352.00,4710315.00,101604.00
29-Feb-24,Thursday,February,Q1,2024,EQ,517.30,524.25,513.20,517.70,521.00,518.60,518.18,545.90,352.00,7231382.00,126016.00
28-Feb-24,Wednesday,February,Q1,2024,EQ,530.00,530.95,515.00,531.45,515.80,517.70,522.69,545.90,352.00,6394528.00,154136.00
27-Feb-24,Tuesday,February,Q1,2024,EQ,534.00,537.40,527.55,532.90,531.10,531.45,532.40,545.90,352.00,5199630.00,106972.00
26-Feb-24,Monday,February,Q1,2024,EQ,536.25,536.50,526.05,536.15,531.50,532.90,530.97,545.90,352.00,4410318.00,121022.00
23-Feb-24,Friday,February,Q1,2024,EQ,535.00,541.25,533.30,531.05,534.40,536.15,536.40,545.90,352.00,9930497.00,151667.00
22-Feb-24,Thursday,February,Q1,2024,EQ,522.80,533.00,521.45,521.40,530.80,531.05,526.59,545.90,352.00,7298241.00,158061.00
21-Feb-24,Wednesday,February,Q1,2024,EQ,535.90,536.30,519.50,531.95,521.00,521.40,526.81,545.90,352.00,6557787.00,137819.00
20-Feb-24,Tuesday,February,Q1,2024,EQ,535.80,538.15,526.25,535.95,531.95,531.95,532.53,545.90,352.00,5187063.00,123368.00
19-Feb-24,Monday,February,Q1,2024,EQ,545.90,545.90,531.35,543.00,536.00,535.95,537.98,545.90,352.00,9301379.00,152421.00
16-Feb-24,Friday,February,Q1,2024,EQ,522.50,545.00,520.95,518.50,541.95,543.00,535.12,545.00,352.00,17471322.00,257984.00
15-Feb-24,Thursday,February,Q1,2024,EQ,516.95,522.85,513.05,514.50,517.70,518.50,518.83,529.00,352.00,7285388.00,139433.00
14-Feb-24,Wednesday,February,Q1,2024,EQ,503.95,517.00,497.05,511.60,512.75,514.50,507.88,529.00,352.00,11297328.00,138332.00
13-Feb-24,Tuesday,February,Q1,2024,EQ,503.10,513.00,491.70,501.45,511.50,511.60,504.28,529.00,352.00,11186788.00,138027.00
12-Feb-24,Monday,February,Q1,2024,EQ,491.00,510.80,491.00,490.45,501.15,501.45,504.66,529.00,352.00,24436750.00,270583.00
09-Feb-24,Friday,February,Q1,2024,EQ,490.90,494.75,482.75,488.85,491.00,490.45,488.69,529.00,352.00,3946894.00,98190.00
08-Feb-24,Thursday,February,Q1,2024,EQ,495.90,500.10,485.10,495.20,489.00,488.85,492.54,529.00,352.00,5651920.00,132052.00
07-Feb-24,Wednesday,February,Q1,2024,EQ,500.95,501.70,492.55,499.65,495.10,495.20,496.51,529.00,352.00,4551767.00,98302.00
06-Feb-24,Tuesday,February,Q1,2024,EQ,484.70,501.80,483.10,482.35,499.45,499.65,496.86,529.00,352.00,14512019.00,206606.00
05-Feb-24,Monday,February,Q1,2024,EQ,483.00,489.50,479.15,483.15,482.50,482.35,484.49,529.00,352.00,5783302.00,104970.00
02-Feb-24,Friday,February,Q1,2024,EQ,475.00,486.50,475.00,471.35,483.80,483.15,481.32,529.00,352.00,8148111.00,143077.00
01-Feb-24,Thursday,February,Q1,2024,EQ,477.55,477.70,470.60,478.15,471.40,471.35,473.04,529.00,352.00,3914060.00,94070.00
31-Jan-24,Wednesday,January,Q1,2024,EQ,472.50,479.90,469.00,472.50,477.00,478.15,474.77,529.00,352.00,5292240.00,102548.00
30-Jan-24,Tuesday,January,Q1,2024,EQ,474.40,482.90,471.50,473.00,472.55,472.50,477.82,529.00,352.00,5914007.00,113702.00
29-Jan-24,Monday,January,Q1,2024,EQ,470.00,477.00,470.00,470.00,473.05,473.00,474.11,529.00,352.00,5025650.00,95169.00
25-Jan-24,Thursday,January,Q1,2024,EQ,478.05,479.35,468.55,478.05,471.85,470.00,472.58,529.00,352.00,6426490.00,132676.00
24-Jan-24,Wednesday,January,Q1,2024,EQ,471.00,479.00,468.05,469.90,478.75,478.05,472.97,529.00,352.00,5854375.00,116149.00
23-Jan-24,Tuesday,January,Q1,2024,EQ,478.05,486.00,467.05,477.95,471.50,469.90,477.07,529.00,352.00,9986168.00,142848.00
20-Jan-24,Saturday,January,Q1,2024,EQ,486.40,488.90,469.05,485.05,478.30,477.95,479.48,529.00,352.00,6045801.00,114091.00
19-Jan-24,Friday,January,Q1,2024,EQ,488.00,493.35,483.60,482.65,484.90,485.05,487.18,529.00,352.00,7749310.00,136626.00
18-Jan-24,Thursday,January,Q1,2024,EQ,482.40,489.00,468.40,482.40,482.30,482.65,478.52,529.00,352.00,13072462.00,200207.00
17-Jan-24,Wednesday,January,Q1,2024,EQ,475.15,491.50,472.00,485.00,483.00,482.40,483.21,529.00,352.00,14334466.00,178223.00
16-Jan-24,Tuesday,January,Q1,2024,EQ,495.00,495.00,480.50,494.60,485.75,485.00,485.37,529.00,352.00,12956246.00,206078.00
15-Jan-24,Monday,January,Q1,2024,EQ,511.95,529.00,489.15,465.45,495.10,494.60,504.57,529.00,352.00,63922132.00,561618.00
12-Jan-24,Friday,January,Q1,2024,EQ,455.00,469.00,455.00,448.20,466.00,465.45,465.19,483.50,352.00,18043367.00,418036.00
11-Jan-24,Thursday,January,Q1,2024,EQ,454.95,456.90,446.70,453.60,448.55,448.20,451.39,483.50,352.00,4319409.00,114196.00
10-Jan-24,Wednesday,January,Q1,2024,EQ,451.45,456.00,449.00,450.75,455.65,453.60,452.29,483.50,352.00,4437338.00,91350.00
09-Jan-24,Tuesday,January,Q1,2024,EQ,458.00,462.50,449.95,450.35,451.50,450.75,456.18,483.50,352.00,7232524.00,135994.00
08-Jan-24,Monday,January,Q1,2024,EQ,457.50,460.00,449.05,456.60,450.60,450.35,453.95,483.50,352.00,5041443.00,122009.00
05-Jan-24,Friday,January,Q1,2024,EQ,455.05,463.00,453.50,452.40,456.05,456.60,458.35,483.50,352.00,8444565.00,177606.00
04-Jan-24,Thursday,January,Q1,2024,EQ,457.00,459.85,451.40,455.90,452.45,452.40,454.67,483.50,352.00,7585168.00,152999.00
03-Jan-24,Wednesday,January,Q1,2024,EQ,463.90,463.90,455.00,469.20,456.00,455.90,458.42,483.50,352.00,9767182.00,208213.00
02-Jan-24,Tuesday,January,Q1,2024,EQ,478.00,478.00,464.30,477.15,469.55,469.20,469.70,483.50,352.00,7141257.00,124248.00
01-Jan-24,Monday,January,Q1,2024,EQ,473.00,483.50,468.30,471.30,474.80,477.15,477.34,483.50,352.00,10173639.00,139809.00
29-Dec-23,Friday,December,Q4,2023,EQ,470.95,475.35,466.10,469.45,470.80,471.30,471.63,477.40,352.00,7980570.00,130529.00
28-Dec-23,Thursday,December,Q4,2023,EQ,472.55,477.40,467.65,470.95,469.00,469.45,471.54,477.40,352.00,8419978.00,152805.00
27-Dec-23,Wednesday,December,Q4,2023,EQ,468.50,475.40,464.10,470.10,470.00,470.95,470.25,475.80,352.00,12631496.00,200199.00
26-Dec-23,Tuesday,December,Q4,2023,EQ,454.00,475.80,448.35,462.65,469.70,470.10,466.73,475.80,352.00,27314322.00,326049.00
22-Dec-23,Friday,December,Q4,2023,EQ,435.30,466.30,434.00,434.00,461.90,462.65,455.69,466.30,352.00,23040407.00,317516.00
21-Dec-23,Thursday,December,Q4,2023,EQ,428.90,436.50,427.20,431.95,434.90,434.00,433.27,453.50,352.00,5331504.00,145804.00
20-Dec-23,Wednesday,December,Q4,2023,EQ,442.00,449.50,429.35,438.70,430.50,431.95,441.59,453.50,352.00,13224971.00,241669.00
19-Dec-23,Tuesday,December,Q4,2023,EQ,445.60,447.35,435.00,445.25,438.20,438.70,439.32,453.50,352.00,8032347.00,189808.00
18-Dec-23,Monday,December,Q4,2023,EQ,446.00,453.50,442.00,446.55,444.30,445.25,447.94,453.50,352.00,10091036.00,191284.00
15-Dec-23,Friday,December,Q4,2023,EQ,436.05,449.50,433.50,434.40,445.80,446.55,444.43,449.50,352.00,20783617.00,296539.00
14-Dec-23,Thursday,December,Q4,2023,EQ,423.50,436.00,423.25,419.65,434.00,434.40,431.28,443.75,352.00,12340688.00,214863.00
13-Dec-23,Wednesday,December,Q4,2023,EQ,423.55,424.30,415.00,422.20,419.90,419.65,418.87,443.75,352.00,4848408.00,99654.00
12-Dec-23,Tuesday,December,Q4,2023,EQ,420.70,427.90,420.15,420.60,422.00,422.20,424.02,443.75,352.00,5951682.00,117032.00
11-Dec-23,Monday,December,Q4,2023,EQ,420.00,422.20,417.25,422.60,420.00,420.60,420.33,443.75,352.00,5042121.00,101686.00
08-Dec-23,Friday,December,Q4,2023,EQ,418.80,424.50,415.00,418.25,424.00,422.60,420.50,443.75,352.00,7739561.00,132597.00
07-Dec-23,Thursday,December,Q4,2023,EQ,420.00,421.50,416.65,418.75,418.30,418.25,418.75,443.75,352.00,5625276.00,105558.00
06-Dec-23,Wednesday,December,Q4,2023,EQ,406.75,420.40,405.95,404.35,420.30,418.75,414.25,443.75,352.00,11041035.00,155387.00
05-Dec-23,Tuesday,December,Q4,2023,EQ,407.40,409.00,402.10,407.45,404.65,404.35,404.44,443.75,352.00,5582684.00,94367.00
04-Dec-23,Monday,December,Q4,2023,EQ,412.70,413.00,406.75,407.65,407.30,407.45,408.63,443.75,352.00,5331236.00,92832.00
01-Dec-23,Friday,December,Q4,2023,EQ,413.75,413.75,406.50,413.05,407.10,407.65,408.45,443.75,352.00,4915213.00,94634.00
30-Nov-23,Thursday,November,Q4,2023,EQ,406.95,414.50,404.05,406.25,411.80,413.05,410.05,443.75,352.00,9912979.00,139985.00
29-Nov-23,Wednesday,November,Q4,2023,EQ,398.00,408.55,398.00,396.85,406.05,406.25,405.24,443.75,352.00,7772043.00,108955.00
28-Nov-23,Tuesday,November,Q4,2023,EQ,397.00,398.75,393.10,396.00,397.20,396.85,395.55,443.75,352.00,4072657.00,93527.00
24-Nov-23,Friday,November,Q4,2023,EQ,402.50,403.50,395.55,402.50,396.00,396.00,398.14,443.75,352.00,3125283.00,69437.00
23-Nov-23,Thursday,November,Q4,2023,EQ,400.50,405.00,400.50,400.25,402.80,402.50,402.65,443.75,352.00,4838680.00,94371.00
22-Nov-23,Wednesday,November,Q4,2023,EQ,402.50,402.60,399.10,400.65,400.50,400.25,400.78,443.75,352.00,2659291.00,65892.00
21-Nov-23,Tuesday,November,Q4,2023,EQ,402.60,402.60,400.05,400.20,400.55,400.65,401.10,443.75,352.00,2720124.00,72441.00
20-Nov-23,Monday,November,Q4,2023,EQ,393.20,401.10,393.20,395.40,400.15,400.20,399.28,443.75,352.00,4305248.00,85321.00
17-Nov-23,Friday,November,Q4,2023,EQ,398.00,399.00,394.50,397.10,394.90,395.40,396.56,443.75,352.00,3943464.00,84552.00
16-Nov-23,Thursday,November,Q4,2023,EQ,391.65,399.50,389.30,391.65,396.75,397.10,395.60,443.75,352.00,6921788.00,124565.00
15-Nov-23,Wednesday,November,Q4,2023,EQ,385.55,392.25,384.25,381.65,391.45,391.65,389.52,443.75,352.00,5396259.00,125802.00
13-Nov-23,Monday,November,Q4,2023,EQ,382.60,382.90,380.00,382.45,382.05,381.65,381.07,443.75,352.00,1792951.00,63717.00
12-Nov-23,Sunday,November,Q4,2023,EQ,383.40,383.40,381.45,379.30,383.00,382.45,382.46,443.75,352.00,1011662.00,39907.00
10-Nov-23,Friday,November,Q4,2023,EQ,380.30,381.80,377.00,380.85,379.75,379.30,378.54,443.75,352.00,5355350.00,95452.00
09-Nov-23,Thursday,November,Q4,2023,EQ,383.00,384.00,379.70,382.20,381.20,380.85,381.44,443.75,352.00,4615563.00,85875.00
08-Nov-23,Wednesday,November,Q4,2023,EQ,384.60,385.85,381.50,383.30,382.60,382.20,383.20,443.75,352.00,3551026.00,81593.00
07-Nov-23,Tuesday,November,Q4,2023,EQ,384.90,387.00,382.85,384.65,384.00,383.30,384.53,443.75,352.00,2846089.00,73620.00
06-Nov-23,Monday,November,Q4,2023,EQ,386.00,386.45,383.00,383.55,385.45,384.65,384.95,443.75,352.00,2469968.00,64533.00
03-Nov-23,Friday,November,Q4,2023,EQ,386.00,386.70,382.65,383.65,383.75,383.55,384.03,443.75,352.00,2645764.00,66538.00
02-Nov-23,Thursday,November,Q4,2023,EQ,383.80,385.15,382.10,380.95,384.00,383.65,383.61,443.75,352.00,2371365.00,76797.00
01-Nov-23,Wednesday,November,Q4,2023,EQ,383.85,385.55,380.15,381.80,381.00,380.95,382.86,443.75,352.00,2120976.00,63993.00
31-Oct-23,Tuesday,October,Q4,2023,EQ,383.20,384.10,379.15,382.00,382.90,381.80,381.65,443.75,352.00,3076768.00,81595.00
30-Oct-23,Monday,October,Q4,2023,EQ,384.00,384.35,380.40,382.35,382.70,382.00,382.15,443.75,352.00,2344372.00,85164.00
27-Oct-23,Friday,October,Q4,2023,EQ,379.05,384.35,379.05,378.25,382.90,382.35,382.23,443.75,352.00,3101406.00,102257.00
26-Oct-23,Thursday,October,Q4,2023,EQ,378.80,380.55,375.05,381.85,378.90,378.25,377.98,443.75,352.00,5497791.00,155825.00
25-Oct-23,Wednesday,October,Q4,2023,EQ,384.40,387.70,381.10,383.15,381.95,381.85,383.88,443.75,352.00,3339147.00,108480.00
23-Oct-23,Monday,October,Q4,2023,EQ,390.85,393.00,382.20,391.85,383.00,383.15,387.22,443.75,352.00,4418913.00,118406.00
20-Oct-23,Friday,October,Q4,2023,EQ,395.05,396.05,391.00,395.30,392.00,391.85,393.33,443.75,352.00,4214668.00,117931.00
19-Oct-23,Thursday,October,Q4,2023,EQ,391.95,396.75,390.10,407.45,395.05,395.30,394.25,443.75,352.00,12814551.00,224639.00
18-Oct-23,Wednesday,October,Q4,2023,EQ,409.00,413.65,407.00,411.40,407.50,407.45,409.96,443.75,352.00,2440533.00,78113.00
17-Oct-23,Tuesday,October,Q4,2023,EQ,411.70,413.85,411.05,410.20,411.10,411.40,412.20,443.75,352.00,2989694.00,70496.00
16-Oct-23,Monday,October,Q4,2023,EQ,411.00,411.90,408.15,411.05,410.10,410.20,410.00,443.75,352.00,2638826.00,65869.00
13-Oct-23,Friday,October,Q4,2023,EQ,411.90,414.40,409.05,417.10,411.00,411.05,410.98,443.75,352.00,5457027.00,98723.00
12-Oct-23,Thursday,October,Q4,2023,EQ,421.75,421.90,414.70,421.15,416.70,417.10,418.19,443.75,352.00,5117199.00,112919.00
11-Oct-23,Wednesday,October,Q4,2023,EQ,409.00,423.95,409.00,407.75,421.10,421.15,419.91,443.75,352.00,9546114.00,126117.00
10-Oct-23,Tuesday,October,Q4,2023,EQ,406.40,408.75,406.20,405.60,407.65,407.75,407.33,443.75,352.00,2564007.00,72323.00
09-Oct-23,Monday,October,Q4,2023,EQ,404.20,411.00,403.40,407.85,404.65,405.60,407.50,443.75,352.00,3015225.00,84648.00
06-Oct-23,Friday,October,Q4,2023,EQ,408.00,409.80,406.95,406.80,407.50,407.85,408.13,443.75,352.00,3182502.00,79780.00
05-Oct-23,Thursday,October,Q4,2023,EQ,407.95,410.40,405.00,404.90,407.00,406.80,407.32,443.75,352.00,4062652.00,98802.00
04-Oct-23,Wednesday,October,Q4,2023,EQ,402.70,405.45,400.65,405.45,405.45,404.90,402.85,443.75,352.00,3452935.00,88104.00
03-Oct-23,Tuesday,October,Q4,2023,EQ,406.45,408.10,403.60,406.05,405.75,405.45,405.49,443.75,352.00,2864052.00,75683.00
29-Sep-23,Friday,September,Q3,2023,EQ,405.00,409.25,401.50,405.35,406.50,406.05,405.07,443.75,352.00,6390136.00,118975.00
28-Sep-23,Thursday,September,Q3,2023,EQ,416.50,416.50,404.00,415.65,407.00,405.35,408.35,443.75,352.00,8438058.00,137144.00
27-Sep-23,Wednesday,September,Q3,2023,EQ,412.25,416.55,410.30,412.90,415.50,415.65,413.64,443.75,352.00,3886997.00,77532.00
26-Sep-23,Tuesday,September,Q3,2023,EQ,416.80,416.80,411.70,414.10,413.00,412.90,413.45,443.75,352.00,3240283.00,98745.00
25-Sep-23,Monday,September,Q3,2023,EQ,418.50,419.75,412.00,418.50,414.30,414.10,415.19,443.75,352.00,4650566.00,93474.00
